{
  "class_0_weight": 0.5008661206149896,
  "class_1_weight": 289.14340101522845,
  "class_weight_dict": {
    "0": 0.5008661206149896,
    "1": 289.14340101522845
  }
}