{
  "class_0_weight": 0.5050505050505051,
  "class_1_weight": 50.0,
  "class_weight_dict": {
    "0": 0.5050505050505051,
    "1": 50.0
  }
}