{
  "log_reg": {
    "report": {
      "0": {
        "precision": 0.9906868451688009,
        "recall": 0.5587373737373738,
        "f1-score": 0.7145025349565667,
        "support": 19800.0
      },
      "1": {
        "precision": 0.010868334654137892,
        "recall": 0.48,
        "f1-score": 0.021255396878113585,
        "support": 200.0
      },
      "accuracy": 0.55795,
      "macro avg": {
        "precision": 0.5007775899114694,
        "recall": 0.5193686868686869,
        "f1-score": 0.36787896591734015,
        "support": 20000.0
      },
      "weighted avg": {
        "precision": 0.9808886600636543,
        "recall": 0.55795,
        "f1-score": 0.7075700635757821,
        "support": 20000.0
      }
    },
    "roc_auc": 0.512614898989899,
    "confusion": [
      [
        11063,
        8737
      ],
      [
        104,
        96
      ]
    ]
  },
  "decision_tree": {
    "report": {
      "0": {
        "precision": 0.9898804047838087,
        "recall": 0.9781818181818182,
        "f1-score": 0.9839963420210334,
        "support": 19800.0
      },
      "1": {
        "precision": 0.004608294930875576,
        "recall": 0.01,
        "f1-score": 0.006309148264984227,
        "support": 200.0
      },
      "accuracy": 0.9685,
      "macro avg": {
        "precision": 0.4972443498573421,
        "recall": 0.4940909090909091,
        "f1-score": 0.4951527451430088,
        "support": 20000.0
      },
      "weighted avg": {
        "precision": 0.9800276836852794,
        "recall": 0.9685,
        "f1-score": 0.9742194700834729,
        "support": 20000.0
      }
    },
    "roc_auc": 0.4940909090909091,
    "confusion": [
      [
        19368,
        432
      ],
      [
        198,
        2
      ]
    ]
  }
}