{
  "random_forest": {
    "report": {
      "0": {
        "precision": 0.9895646674396542,
        "recall": 0.9482828282828283,
        "f1-score": 0.9684840356940217,
        "support": 19800.0
      },
      "1": {
        "precision": 0.001949317738791423,
        "recall": 0.01,
        "f1-score": 0.0032626427406199023,
        "support": 200.0
      },
      "accuracy": 0.9389,
      "macro avg": {
        "precision": 0.4957569925892228,
        "recall": 0.47914141414141415,
        "f1-score": 0.48587333921732084,
        "support": 20000.0
      },
      "weighted avg": {
        "precision": 0.9796885139426457,
        "recall": 0.9389,
        "f1-score": 0.9588318217644879,
        "support": 20000.0
      }
    },
    "roc_auc": 0.48721893939393945
  },
  "xgboost": {
    "report": {
      "0": {
        "precision": 0.9898915021227845,
        "recall": 0.7418686868686869,
        "f1-score": 0.8481191720315252,
        "support": 19800.0
      },
      "1": {
        "precision": 0.00968804495252858,
        "recall": 0.25,
        "f1-score": 0.018653236336504384,
        "support": 200.0
      },
      "accuracy": 0.73695,
      "macro avg": {
        "precision": 0.4997897735376566,
        "recall": 0.49593434343434345,
        "f1-score": 0.4333862041840148,
        "support": 20000.0
      },
      "weighted avg": {
        "precision": 0.980089467551082,
        "recall": 0.73695,
        "f1-score": 0.8398245126745749,
        "support": 20000.0
      }
    },
    "roc_auc": 0.4992070707070707
  },
  "lightgbm": {
    "report": {
      "0": {
        "precision": 0.989802784823231,
        "recall": 0.9657575757575757,
        "f1-score": 0.9776323525652496,
        "support": 19800.0
      },
      "1": {
        "precision": 0.004405286343612335,
        "recall": 0.015,
        "f1-score": 0.00681044267877412,
        "support": 200.0
      },
      "accuracy": 0.95625,
      "macro avg": {
        "precision": 0.4971040355834217,
        "recall": 0.49037878787878786,
        "f1-score": 0.4922213976220119,
        "support": 20000.0
      },
      "weighted avg": {
        "precision": 0.9799488098384349,
        "recall": 0.95625,
        "f1-score": 0.967924133466385,
        "support": 20000.0
      }
    },
    "roc_auc": 0.4972762626262626
  }
}