{
  "approach": "Neural Network (Refactored: Focal Loss, Small MLP, No SMOTE)",
  "optimal_threshold": 0.10143693536520004,
  "test_metrics": {
    "roc_auc": 0.4747676767676767,
    "pr_auc": 0.009174423316674394,
    "precision": 0.009765625,
    "recall": 0.05,
    "f1_score": 0.016339869281045753
  },
  "confusion_matrix": [
    [
      18786,
      1014
    ],
    [
      190,
      10
    ]
  ]
}