{
    "LogisticRegression": {
        "report": {
            "0": {
                "precision": 0.9998558116900672,
                "recall": 0.9755732976927406,
                "f1-score": 0.9875653110452437,
                "support": 56864.0
            },
            "1": {
                "precision": 0.060851926977687626,
                "recall": 0.9183673469387755,
                "f1-score": 0.11414077362079898,
                "support": 98.0
            },
            "accuracy": 0.9754748779888347,
            "macro avg": {
                "precision": 0.5303538693338774,
                "recall": 0.9469703223157581,
                "f1-score": 0.5508530423330213,
                "support": 56962.0
            },
            "weighted avg": {
                "precision": 0.9982403069553,
                "recall": 0.9754748779888347,
                "f1-score": 0.986062631984333,
                "support": 56962.0
            }
        },
        "roc_auc": 0.9720323571887957
    },
    "DecisionTree": {
        "report": {
            "0": {
                "precision": 0.9995075884142588,
                "recall": 0.999490011254924,
                "f1-score": 0.9994987997573136,
                "support": 56864.0
            },
            "1": {
                "precision": 0.7070707070707071,
                "recall": 0.7142857142857143,
                "f1-score": 0.7106598984771574,
                "support": 98.0
            },
            "accuracy": 0.9989993328885924,
            "macro avg": {
                "precision": 0.8532891477424829,
                "recall": 0.8568878627703191,
                "f1-score": 0.8550793491172355,
                "support": 56962.0
            },
            "weighted avg": {
                "precision": 0.999004466782791,
                "recall": 0.9989993328885924,
                "f1-score": 0.9990018682534082,
                "support": 56962.0
            }
        },
        "roc_auc": 0.8568878627703193
    }
}