{
    "RandomForest": {
        "report": {
            "0": {
                "precision": 0.9996483516483516,
                "recall": 0.9998417276308385,
                "f1-score": 0.9997450302886433,
                "support": 56864.0
            },
            "1": {
                "precision": 0.896551724137931,
                "recall": 0.7959183673469388,
                "f1-score": 0.8432432432432433,
                "support": 98.0
            },
            "accuracy": 0.9994908886626171,
            "macro avg": {
                "precision": 0.9481000378931413,
                "recall": 0.8978800474888886,
                "f1-score": 0.9214941367659433,
                "support": 56962.0
            },
            "weighted avg": {
                "precision": 0.9994709795494783,
                "recall": 0.9994908886626171,
                "f1-score": 0.9994757775389074,
                "support": 56962.0
            }
        },
        "roc_auc": 0.9653917366749738
    },
    "XGBoost": {
        "report": {
            "0": {
                "precision": 0.9997362312724204,
                "recall": 0.9998065559932471,
                "f1-score": 0.9997713923961594,
                "support": 56864.0
            },
            "1": {
                "precision": 0.8829787234042553,
                "recall": 0.8469387755102041,
                "f1-score": 0.8645833333333334,
                "support": 98.0
            },
            "accuracy": 0.9995435553526912,
            "macro avg": {
                "precision": 0.9413574773383379,
                "recall": 0.9233726657517256,
                "f1-score": 0.9321773628647464,
                "support": 56962.0
            },
            "weighted avg": {
                "precision": 0.9995353563773838,
                "recall": 0.9995435553526912,
                "f1-score": 0.999538808747619,
                "support": 56962.0
            }
        },
        "roc_auc": 0.9652206338359767
    }
}