{
    "NeuralNetwork": {
        "roc_auc": 0.9646743070469606,
        "pr_auc": 0.7321091255198103,
        "report": {
            "0": {
                "precision": 0.9986650506753789,
                "recall": 0.9998417276308385,
                "f1-score": 0.9992530427523177,
                "support": 56864.0
            },
            "1": {
                "precision": 0.7096774193548387,
                "recall": 0.22448979591836735,
                "f1-score": 0.34108527131782945,
                "support": 98.0
            },
            "accuracy": 0.9985077771145676,
            "macro avg": {
                "precision": 0.8541712350151088,
                "recall": 0.6121657617746029,
                "f1-score": 0.6701691570350736,
                "support": 56962.0
            },
            "weighted avg": {
                "precision": 0.9981678632895881,
                "recall": 0.9985077771145676,
                "f1-score": 0.998120701163178,
                "support": 56962.0
            }
        }
    }
}